product_id,annual_units,annual_orders
AAAA,10625,10625
AAAB,7625,7625
AAAC,5996,5996
AAAD,4931,4931
AAAE,4170,4170
AAAF,3597,3597
AAAG,3149,3149
AAAH,2789,2789
AAAI,2495,2495
AAAJ,2249,2249
AAAK,2042,2042
AAAL,1865,1865
AAAM,1711,1711
AAAN,1578,1578
AAAO,1461,1461
AAAP,1357,1357
AAAQ,1265,1265
AAAR,1183,1183
AAAS,1109,1109
AAAT,1042,1042
AAAU,982,982
AAAV,927,927
AAAW,877,877
AAAX,831,831
AAAY,789,789
AAAZ,750,750
AABA,714,714
AABB,681,681
AABC,650,650
AABD,622,622
AABE,595,595
AABF,570,570
AABG,547,547
AABH,525,525
AABI,505,505
AABJ,486,486
AABK,468,468
AABL,451,451
AABM,435,435
AABN,420,420
AABO,405,405
AABP,392,392
AABQ,379,379
AABR,367,367
AABS,355,355
AABT,344,344
AABU,334,334
AABV,324,324
AABW,314,314
AABX,305,305
AABY,296,296
AABZ,288,288
AACA,280,280
AACB,273,273
AACC,265,265
AACD,258,258
AACE,252,252
AACF,245,245
AACG,239,239
AACH,233,233
AACI,227,227
AACJ,222,222
AACK,217,217
AACL,212,212
AACM,207,207
AACN,202,202
AACO,198,198
AACP,193,193
AACQ,189,189
AACR,185,185
AACS,181,181
AACT,177,177
AACU,173,173
AACV,170,170
AACW,166,166
AACX,163,163
AACY,160,160
AACZ,157,157
AADA,154,154
AADB,151,151
AADC,148,148
AADD,145,145
AADE,142,142
AADF,140,140
AADG,137,137
AADH,135,135
AADI,132,132
AADJ,130,130
AADK,128,128
AADL,125,125
AADM,123,123
AADN,121,121
AADO,119,119
AADP,117,117
AADQ,115,115
AADR,113,113
AADS,111,111
AADT,110,110
AADU,108,108
AADV,106,106
AADW,105,105
AADX,103,103
AADY,101,101
AADZ,100,100
AAEA,98,98
AAEB,97,97
AAEC,95,95
AAED,94,94
AAEE,93,93
AAEF,91,91
AAEG,90,90
AAEH,89,89
AAEI,87,87
AAEJ,86,86
AAEK,85,85
AAEL,84,84
AAEM,83,83
AAEN,82,82
AAEO,81,81
AAEP,79,79
AAEQ,78,78
AAER,77,77
AAES,76,76
AAET,75,75
AAEU,74,74
AAEV,73,73
AAEW,73,73
AAEX,72,72
AAEY,71,71
AAEZ,70,70
AAFA,69,69
AAFB,68,68
AAFC,67,67
AAFD,66,66
AAFE,66,66
AAFF,65,65
AAFG,64,64
AAFH,63,63
AAFI,63,63
AAFJ,62,62
AAFK,61,61
AAFL,61,61
AAFM,60,60
AAFN,59,59
AAFO,58,58
AAFP,58,58
AAFQ,57,57
AAFR,57,57
AAFS,56,56
AAFT,55,55
AAFU,55,55
AAFV,54,54
AAFW,54,54
AAFX,53,53
AAFY,52,52
AAFZ,52,52
AAGA,51,51
AAGB,51,51
AAGC,50,50
AAGD,50,50
AAGE,49,49
AAGF,49,49
AAGG,48,48
AAGH,48,48
AAGI,47,47
AAGJ,47,47
AAGK,46,46
AAGL,46,46
AAGM,45,45
AAGN,45,45
AAGO,45,45
AAGP,44,44
AAGQ,44,44
AAGR,43,43
AAGS,43,43
AAGT,43,43
AAGU,42,42
AAGV,42,42
AAGW,41,41
AAGX,41,41
AAGY,41,41
AAGZ,40,40
AAHA,40,40
AAHB,40,40
AAHC,39,39
AAHD,39,39
AAHE,38,38
AAHF,38,38
AAHG,38,38
AAHH,37,37
AAHI,37,37
AAHJ,37,37
AAHK,37,37
AAHL,36,36
AAHM,36,36
AAHN,36,36
AAHO,35,35
AAHP,35,35
AAHQ,35,35
AAHR,34,34
AAHS,34,34
AAHT,34,34
AAHU,34,34
AAHV,33,33
AAHW,33,33
AAHX,33,33
AAHY,32,32
AAHZ,32,32
AAIA,32,32
AAIB,32,32
AAIC,31,31
AAID,31,31
AAIE,31,31
AAIF,31,31
AAIG,30,30
AAIH,30,30
AAII,30,30
AAIJ,30,30
AAIK,30,30
AAIL,29,29
AAIM,29,29
AAIN,29,29
AAIO,29,29
AAIP,28,28
AAIQ,28,28
AAIR,28,28
AAIS,28,28
AAIT,28,28
AAIU,27,27
AAIV,27,27
AAIW,27,27
AAIX,27,27
AAIY,27,27
AAIZ,26,26
AAJA,26,26
AAJB,26,26
AAJC,26,26
AAJD,26,26
AAJE,26,26
AAJF,25,25
AAJG,25,25
AAJH,25,25
AAJI,25,25
AAJJ,25,25
AAJK,24,24
AAJL,24,24
AAJM,24,24
AAJN,24,24
AAJO,24,24
AAJP,24,24
AAJQ,24,24
AAJR,23,23
AAJS,23,23
AAJT,23,23
AAJU,23,23
AAJV,23,23
AAJW,23,23
AAJX,22,22
AAJY,22,22
AAJZ,22,22
AAKA,22,22
AAKB,22,22
AAKC,22,22
AAKD,22,22
AAKE,21,21
AAKF,21,21
AAKG,21,21
AAKH,21,21
AAKI,21,21
AAKJ,21,21
AAKK,21,21
AAKL,21,21
AAKM,20,20
AAKN,20,20
AAKO,20,20
AAKP,20,20
AAKQ,20,20
AAKR,20,20
AAKS,20,20
AAKT,20,20
AAKU,19,19
AAKV,19,19
AAKW,19,19
AAKX,19,19
AAKY,19,19
AAKZ,19,19
AALA,19,19
AALB,19,19
AALC,19,19
AALD,18,18
AALE,18,18
AALF,18,18
AALG,18,18
AALH,18,18
AALI,18,18
AALJ,18,18
AALK,18,18
AALL,18,18
AALM,17,17
AALN,17,17
AALO,17,17
AALP,17,17
AALQ,17,17
AALR,17,17
AALS,17,17
AALT,17,17
AALU,17,17
AALV,17,17
AALW,17,17
AALX,16,16
AALY,16,16
AALZ,16,16
AAMA,16,16
AAMB,16,16
AAMC,16,16
AAMD,16,16
AAME,16,16
AAMF,16,16
AAMG,16,16
AAMH,16,16
AAMI,15,15
AAMJ,15,15
AAMK,15,15
AAML,15,15
AAMM,15,15
AAMN,15,15
AAMO,15,15
AAMP,15,15
AAMQ,15,15
AAMR,15,15
AAMS,15,15
AAMT,15,15
AAMU,15,15
AAMV,14,14
AAMW,14,14
AAMX,14,14
AAMY,14,14
AAMZ,14,14
AANA,14,14
AANB,14,14
AANC,14,14
AAND,14,14
AANE,14,14
AANF,14,14
AANG,14,14
AANH,14,14
AANI,14,14
AANJ,13,13
AANK,13,13
AANL,13,13
AANM,13,13
AANN,13,13
AANO,13,13
AANP,13,13
AANQ,13,13
AANR,13,13
AANS,13,13
AANT,13,13
AANU,13,13
AANV,13,13
AANW,13,13
AANX,13,13
AANY,13,13
AANZ,12,12
AAOA,12,12
AAOB,12,12
AAOC,12,12
AAOD,12,12
AAOE,12,12
AAOF,12,12
AAOG,12,12
AAOH,12,12
AAOI,12,12
AAOJ,12,12
AAOK,12,12
AAOL,12,12
AAOM,12,12
AAON,12,12
AAOO,12,12
AAOP,12,12
AAOQ,12,12
AAOR,11,11
AAOS,11,11
AAOT,11,11
AAOU,11,11
AAOV,11,11
AAOW,11,11
AAOX,11,11
AAOY,11,11
AAOZ,11,11
AAPA,11,11
AAPB,11,11
AAPC,11,11
AAPD,11,11
AAPE,11,11
AAPF,11,11
AAPG,11,11
AAPH,11,11
AAPI,11,11
AAPJ,11,11
AAPK,11,11
AAPL,11,11
AAPM,10,10
AAPN,10,10
AAPO,10,10
AAPP,10,10
AAPQ,10,10
AAPR,10,10
AAPS,10,10
AAPT,10,10
AAPU,10,10
AAPV,10,10
AAPW,10,10
AAPX,10,10
AAPY,10,10
AAPZ,10,10
AAQA,10,10
AAQB,10,10
AAQC,10,10
AAQD,10,10
AAQE,10,10
AAQF,10,10
AAQG,10,10
AAQH,10,10
AAQI,10,10
AAQJ,10,10
AAQK,9,9
AAQL,9,9
AAQM,9,9
AAQN,9,9
AAQO,9,9
AAQP,9,9
AAQQ,9,9
AAQR,9,9
AAQS,9,9
AAQT,9,9
AAQU,9,9
AAQV,9,9
AAQW,9,9
AAQX,9,9
AAQY,9,9
AAQZ,9,9
AARA,9,9
AARB,9,9
AARC,9,9
AARD,9,9
AARE,9,9
AARF,9,9
AARG,9,9
AARH,9,9
AARI,9,9
AARJ,9,9
AARK,9,9
AARL,9,9
AARM,9,9
AARN,8,8
AARO,8,8
AARP,8,8
AARQ,8,8
AARR,8,8
AARS,8,8
AART,8,8
AARU,8,8
AARV,8,8
AARW,8,8
AARX,8,8
AARY,8,8
AARZ,8,8
AASA,8,8
AASB,8,8
AASC,8,8
AASD,8,8
AASE,8,8
AASF,8,8
AASG,8,8
AASH,8,8
AASI,8,8
AASJ,8,8
AASK,8,8
AASL,8,8
AASM,8,8
AASN,8,8
AASO,8,8
AASP,8,8
AASQ,8,8
AASR,8,8
AASS,8,8
AAST,8,8
AASU,8,8
AASV,7,7
AASW,7,7
AASX,7,7
AASY,7,7
AASZ,7,7
AATA,7,7
AATB,7,7
AATC,7,7
AATD,7,7
AATE,7,7
AATF,7,7
AATG,7,7
AATH,7,7
AATI,7,7
AATJ,7,7
AATK,7,7
AATL,7,7
AATM,7,7
AATN,7,7
AATO,7,7
AATP,7,7
AATQ,7,7
AATR,7,7
AATS,7,7
AATT,7,7
AATU,7,7
AATV,7,7
AATW,7,7
AATX,7,7
AATY,7,7
AATZ,7,7
AAUA,7,7
AAUB,7,7
AAUC,7,7
AAUD,7,7
AAUE,7,7
AAUF,7,7
AAUG,7,7
AAUH,7,7
AAUI,7,7
AAUJ,7,7
AAUK,7,7
AAUL,6,6
AAUM,6,6
AAUN,6,6
AAUO,6,6
AAUP,6,6
AAUQ,6,6
AAUR,6,6
AAUS,6,6
AAUT,6,6
AAUU,6,6
AAUV,6,6
AAUW,6,6
AAUX,6,6
AAUY,6,6
AAUZ,6,6
AAVA,6,6
AAVB,6,6
AAVC,6,6
AAVD,6,6
AAVE,6,6
AAVF,6,6
AAVG,6,6
AAVH,6,6
AAVI,6,6
AAVJ,6,6
AAVK,6,6
AAVL,6,6
AAVM,6,6
AAVN,6,6
AAVO,6,6
AAVP,6,6
AAVQ,6,6
AAVR,6,6
AAVS,6,6
AAVT,6,6
AAVU,6,6
AAVV,6,6
AAVW,6,6
AAVX,6,6
AAVY,6,6
AAVZ,6,6
AAWA,6,6
AAWB,6,6
AAWC,6,6
AAWD,6,6
AAWE,6,6
AAWF,6,6
AAWG,6,6
AAWH,6,6
AAWI,6,6
AAWJ,6,6
AAWK,6,6
AAWL,6,6
AAWM,6,6
AAWN,5,5
AAWO,5,5
AAWP,5,5
AAWQ,5,5
AAWR,5,5
AAWS,5,5
AAWT,5,5
AAWU,5,5
AAWV,5,5
AAWW,5,5
AAWX,5,5
AAWY,5,5
AAWZ,5,5
AAXA,5,5
AAXB,5,5
AAXC,5,5
AAXD,5,5
AAXE,5,5
AAXF,5,5
AAXG,5,5
AAXH,5,5
AAXI,5,5
AAXJ,5,5
AAXK,5,5
AAXL,5,5
AAXM,5,5
AAXN,5,5
AAXO,5,5
AAXP,5,5
AAXQ,5,5
AAXR,5,5
AAXS,5,5
AAXT,5,5
AAXU,5,5
AAXV,5,5
AAXW,5,5
AAXX,5,5
AAXY,5,5
AAXZ,5,5
AAYA,5,5
AAYB,5,5
AAYC,5,5
AAYD,5,5
AAYE,5,5
AAYF,5,5
AAYG,5,5
AAYH,5,5
AAYI,5,5
AAYJ,5,5
AAYK,5,5
AAYL,5,5
AAYM,5,5
AAYN,5,5
AAYO,5,5
AAYP,5,5
AAYQ,5,5
AAYR,5,5
AAYS,5,5
AAYT,5,5
AAYU,5,5
AAYV,5,5
AAYW,5,5
AAYX,5,5
AAYY,5,5
AAYZ,5,5
AAZA,5,5
AAZB,5,5
AAZC,5,5
AAZD,5,5
AAZE,5,5
AAZF,5,5
AAZG,4,4
AAZH,4,4
AAZI,4,4
AAZJ,4,4
AAZK,4,4
AAZL,4,4
AAZM,4,4
AAZN,4,4
AAZO,4,4
AAZP,4,4
AAZQ,4,4
AAZR,4,4
AAZS,4,4
AAZT,4,4
AAZU,4,4
AAZV,4,4
AAZW,4,4
AAZX,4,4
AAZY,4,4
AAZZ,4,4
ABAA,4,4
ABAB,4,4
ABAC,4,4
ABAD,4,4
ABAE,4,4
ABAF,4,4
ABAG,4,4
ABAH,4,4
ABAI,4,4
ABAJ,4,4
ABAK,4,4
ABAL,4,4
ABAM,4,4
ABAN,4,4
ABAO,4,4
ABAP,4,4
ABAQ,4,4
ABAR,4,4
ABAS,4,4
ABAT,4,4
ABAU,4,4
ABAV,4,4
ABAW,4,4
ABAX,4,4
ABAY,4,4
ABAZ,4,4
ABBA,4,4
ABBB,4,4
ABBC,4,4
ABBD,4,4
ABBE,4,4
ABBF,4,4
ABBG,4,4
ABBH,4,4
ABBI,4,4
ABBJ,4,4
ABBK,4,4
ABBL,4,4
ABBM,4,4
ABBN,4,4
ABBO,4,4
ABBP,4,4
ABBQ,4,4
ABBR,4,4
ABBS,4,4
ABBT,4,4
ABBU,4,4
ABBV,4,4
ABBW,4,4
ABBX,4,4
ABBY,4,4
ABBZ,4,4
ABCA,4,4
ABCB,4,4
ABCC,4,4
ABCD,4,4
ABCE,4,4
ABCF,4,4
ABCG,4,4
ABCH,4,4
ABCI,4,4
ABCJ,4,4
ABCK,4,4
ABCL,4,4
ABCM,4,4
ABCN,4,4
ABCO,4,4
ABCP,4,4
ABCQ,4,4
ABCR,4,4
ABCS,4,4
ABCT,4,4
ABCU,4,4
ABCV,4,4
ABCW,4,4
ABCX,4,4
ABCY,4,4
ABCZ,4,4
ABDA,4,4
ABDB,4,4
ABDC,4,4
ABDD,3,3
ABDE,3,3
ABDF,3,3
ABDG,3,3
ABDH,3,3
ABDI,3,3
ABDJ,3,3
ABDK,3,3
ABDL,3,3
ABDM,3,3
ABDN,3,3
ABDO,3,3
ABDP,3,3
ABDQ,3,3
ABDR,3,3
ABDS,3,3
ABDT,3,3
ABDU,3,3
ABDV,3,3
ABDW,3,3
ABDX,3,3
ABDY,3,3
ABDZ,3,3
ABEA,3,3
ABEB,3,3
ABEC,3,3
ABED,3,3
ABEE,3,3
ABEF,3,3
ABEG,3,3
ABEH,3,3
ABEI,3,3
ABEJ,3,3
ABEK,3,3
ABEL,3,3
ABEM,3,3
ABEN,3,3
ABEO,3,3
ABEP,3,3
ABEQ,3,3
ABER,3,3
ABES,3,3
ABET,3,3
ABEU,3,3
ABEV,3,3
ABEW,3,3
ABEX,3,3
ABEY,3,3
ABEZ,3,3
ABFA,3,3
ABFB,3,3
ABFC,3,3
ABFD,3,3
ABFE,3,3
ABFF,3,3
ABFG,3,3
ABFH,3,3
ABFI,3,3
ABFJ,3,3
ABFK,3,3
ABFL,3,3
ABFM,3,3
ABFN,3,3
ABFO,3,3
ABFP,3,3
ABFQ,3,3
ABFR,3,3
ABFS,3,3
ABFT,3,3
ABFU,3,3
ABFV,3,3
ABFW,3,3
ABFX,3,3
ABFY,3,3
ABFZ,3,3
ABGA,3,3
ABGB,3,3
ABGC,3,3
ABGD,3,3
ABGE,3,3
ABGF,3,3
ABGG,3,3
ABGH,3,3
ABGI,3,3
ABGJ,3,3
ABGK,3,3
ABGL,3,3
ABGM,3,3
ABGN,3,3
ABGO,3,3
ABGP,3,3
ABGQ,3,3
ABGR,3,3
ABGS,3,3
ABGT,3,3
ABGU,3,3
ABGV,3,3
ABGW,3,3
ABGX,3,3
ABGY,3,3
ABGZ,3,3
ABHA,3,3
ABHB,3,3
ABHC,3,3
ABHD,3,3
ABHE,3,3
ABHF,3,3
ABHG,3,3
ABHH,3,3
ABHI,3,3
ABHJ,3,3
ABHK,3,3
ABHL,3,3
ABHM,3,3
ABHN,3,3
ABHO,3,3
ABHP,3,3
ABHQ,3,3
ABHR,3,3
ABHS,3,3
ABHT,3,3
ABHU,3,3
ABHV,3,3
ABHW,3,3
ABHX,3,3
ABHY,3,3
ABHZ,3,3
ABIA,3,3
ABIB,3,3
ABIC,3,3
ABID,3,3
ABIE,3,3
ABIF,3,3
ABIG,3,3
ABIH,3,3
ABII,3,3
ABIJ,3,3
ABIK,3,3
ABIL,3,3
ABIM,3,3
ABIN,3,3
ABIO,3,3
ABIP,3,3
ABIQ,3,3
ABIR,3,3
ABIS,3,3
ABIT,3,3
ABIU,3,3
ABIV,3,3
ABIW,3,3
ABIX,3,3
ABIY,3,3
ABIZ,3,3
ABJA,3,3
ABJB,3,3
ABJC,3,3
ABJD,3,3
ABJE,3,3
ABJF,3,3
ABJG,3,3
ABJH,3,3
ABJI,2,2
ABJJ,2,2
ABJK,2,2
ABJL,2,2
ABJM,2,2
ABJN,2,2
ABJO,2,2
ABJP,2,2
ABJQ,2,2
ABJR,2,2
ABJS,2,2
ABJT,2,2
ABJU,2,2
ABJV,2,2
ABJW,2,2
ABJX,2,2
ABJY,2,2
ABJZ,2,2
ABKA,2,2
ABKB,2,2
ABKC,2,2
ABKD,2,2
ABKE,2,2
ABKF,2,2
ABKG,2,2
ABKH,2,2
ABKI,2,2
ABKJ,2,2
ABKK,2,2
ABKL,2,2
ABKM,2,2
ABKN,2,2
ABKO,2,2
ABKP,2,2
ABKQ,2,2
ABKR,2,2
ABKS,2,2
ABKT,2,2
ABKU,2,2
ABKV,2,2
ABKW,2,2
ABKX,2,2
ABKY,2,2
ABKZ,2,2
ABLA,2,2
ABLB,2,2
ABLC,2,2
ABLD,2,2
ABLE,2,2
ABLF,2,2
ABLG,2,2
ABLH,2,2
ABLI,2,2
ABLJ,2,2
ABLK,2,2
ABLL,2,2
ABLM,2,2
ABLN,2,2
ABLO,2,2
ABLP,2,2
ABLQ,2,2
ABLR,2,2
ABLS,2,2
ABLT,2,2
ABLU,2,2
ABLV,2,2
ABLW,2,2
ABLX,2,2
ABLY,2,2
ABLZ,2,2
ABMA,2,2
ABMB,2,2
ABMC,2,2
ABMD,2,2
ABME,2,2
ABMF,2,2
ABMG,2,2
ABMH,2,2
ABMI,2,2
ABMJ,2,2
ABMK,2,2
ABML,2,2
